{
    "total_request_process_time": {
        "Dep-Down": [
            66560.45514476806,
            179971.61111381004,
            417910.16870153457,
            473690.1258848173,
            679338.3542683207,
            1018745.1084208797,
            1381410.0149631274,
            1502749.9984962945
        ],
        "Dep-Wait": [
            12245.85514476809,
            21541.771113810097,
            31743.27870153461,
            41477.735884817506,
            53108.03426832156,
            63296.588420879605,
            72969.5049631277,
            83316.52849629823
        ],
        "Dep-Eft": [
            7521.995144768085,
            13628.191113810097,
            18882.998701534678,
            24277.705884817427,
            32685.314268321494,
            36412.42842087965,
            43766.2149631279,
            48880.26849629802
        ],
        "Random": [
            61394.11514476812,
            171518.00111381005,
            286898.1487015347,
            497971.80588481744,
            634889.6342683212,
            1174900.0884208798,
            1472774.0649631275,
            1492772.518496297
        ],
        "DQN": [
            7635.935144768092,
            14441.16111381008,
            17291.84870153466,
            22352.235884817434,
            27039.06426832154,
            36410.22842087958,
            48615.644963128005,
            56355.358496298155
        ],
        "PPO": [
            7285.375144768091,
            13654.921113810075,
            17398.058701534635,
            21920.215884817437,
            28997.844268321547,
            33705.14842087957,
            38558.46496312795,
            43314.21849629819
        ]
    },
    "all_task_execution_time": {
        "Dep-Down": [
            1598.9899999999977,
            3156.6299999999856,
            4755.619999999997,
            6350.49999999998,
            7972.769999999931,
            9614.36999999989,
            11081.009999999857,
            12677.669999999856
        ],
        "Dep-Wait": [
            2645.719999999996,
            5199.759999999999,
            7886.719999999987,
            10461.870000000028,
            13182.02999999995,
            15680.279999999979,
            18171.359999999942,
            20948.15999999967
        ],
        "Dep-Eft": [
            2453.7399999999966,
            4847.980000000008,
            7574.679999999968,
            10048.729999999925,
            12076.209999999977,
            15513.709999999897,
            17517.169999999976,
            20640.830000000027
        ],
        "Random": [
            2965.740000000005,
            5777.72000000001,
            8668.88,
            11629.439999999975,
            14804.429999999966,
            17715.219999999994,
            20517.43999999994,
            23278.74999999996
        ],
        "DQN": [
            2773.800000000002,
            5532.530000000014,
            7963.6399999999585,
            11084.890000000052,
            13889.850000000053,
            16586.42999999993,
            17948.509999999867,
            20204.83999999987
        ],
        "PPO": [
            2623.59,
            5285.300000000002,
            7788.549999999992,
            10489.25999999993,
            13198.109999999888,
            15789.429999999975,
            18340.889999999912,
            21179.420000000042
        ]
    },
    "total_download_time": {
        "Dep-Down": [
            662.4384620750737,
            1388.068373937264,
            2025.6339240009468,
            2517.5431970393315,
            3174.672104473886,
            3766.5221044738864,
            4484.260170799748,
            5034.6107319080975
        ],
        "Dep-Wait": [
            3099.129173476699,
            6094.227902372599,
            9366.32568648152,
            12529.525086695598,
            15551.917695674098,
            18676.149268159963,
            21775.022693378218,
            24356.462116699015
        ],
        "Dep-Eft": [
            2387.6768700411053,
            5465.781759635709,
            7666.19479682117,
            10365.767587349821,
            12892.033730710355,
            15480.960130449324,
            18064.522801247207,
            20258.802395206825
        ],
        "Random": [
            4319.605235614971,
            8725.04846076584,
            12373.382142497765,
            17054.93810239304,
            20251.946930025046,
            25398.028237463306,
            29293.214993078174,
            31597.095974164265
        ],
        "DQN": [
            2961.328569773592,
            4137.038852427988,
            8852.4466592337,
            12304.106620303422,
            15220.370565602301,
            14513.523450951092,
            15143.648001856323,
            17856.763540112985
        ],
        "PPO": [
            2914.569111801741,
            5965.266923404572,
            9113.76294847109,
            12300.231111413304,
            15319.284595464816,
            18380.774004237526,
            21559.668064961184,
            24276.18778387669
        ]
    },
    "total_request_waiting_time": {
        "Dep-Down": [
            64961.46514476798,
            176814.98111381035,
            413154.54870153544,
            467339.62588482,
            671365.584268322,
            1009130.738420885,
            1370329.0049631435,
            1490072.3284963083
        ],
        "Dep-Wait": [
            9600.13514476812,
            16342.011113810095,
            23856.55870153455,
            31015.865884817278,
            39926.00426832135,
            47616.30842087956,
            54798.144963127954,
            62368.36849629865
        ],
        "Dep-Eft": [
            5068.255144768093,
            8780.211113810106,
            11308.318701534696,
            14228.975884817497,
            20609.104268321527,
            20898.718420879744,
            26249.04496312799,
            28239.4384962983
        ],
        "Random": [
            58428.37514476816,
            165740.2811138104,
            278229.26870153594,
            486342.3658848164,
            620085.2042683222,
            1157184.8684208822,
            1452256.6249631282,
            1469493.7684962966
        ],
        "DQN": [
            4862.135144768073,
            8908.63111381009,
            9328.208701534675,
            11267.345884817476,
            13149.21426832156,
            19823.79842087961,
            30667.13496312788,
            36150.51849629813
        ],
        "PPO": [
            4661.785144768092,
            8369.621113810077,
            9609.508701534676,
            11430.9558848175,
            15799.73426832162,
            17915.718420879683,
            20217.574963127852,
            22134.798496298063
        ]
    },
    "total_download_size": {
        "Dep-Down": [
            1324.8769241501475,
            2776.136747874528,
            4050.459830576768,
            5035.086394078663,
            6347.530989089679,
            7531.615052931773,
            8968.520341599497,
            10069.221463816195
        ],
        "Dep-Wait": [
            3210.2652029093456,
            5899.942169567059,
            8355.538166837883,
            10920.833396600943,
            13375.242824272747,
            16311.727745423297,
            18987.563877969587,
            21467.275179511158
        ],
        "Dep-Eft": [
            2526.0115925162527,
            4797.085113870223,
            6895.413008461424,
            9051.995133100581,
            11629.387086490358,
            13087.05425409311,
            15872.069699785234,
            17555.783368124157
        ],