{
    "total_request_process_time": {
        "FCFS": [
            20667.145144768074,
            31197.061113810072,
            44711.99870153463,
            56763.485884817426,
            73479.24426832146,
            116825.20842087972,
            105557.28496312759,
            129473.6784962982
        ],
        "LRU": [
            13048.385144768088,
            22967.84111381008,
            33922.04870153465,
            44432.77588481752,
            56287.06426832145,
            67839.73842087961,
            78969.6049631279,
            90883.65849629803
        ],
        "Popularity": [
            12461.405144768083,
            21593.9111138101,
            31830.18870153466,
            42178.51588481752,
            53191.5242683217,
            64495.68842087962,
            72962.8649631279,
            83405.78849629812
        ],
        "Priority": [
            12245.85514476809,
            21541.771113810097,
            31743.27870153461,
            41477.735884817506,
            53108.03426832156,
            63296.588420879605,
            72969.5049631277,
            83316.52849629823
        ]
    }
}