{
    "total_request_process_time": {
        "Dep-Eft-0": [
            7521.995144768085,
            13628.191113810097,
            18882.998701534678,
            24277.705884817427,
            32685.314268321494,
            36412.42842087965,
            43766.2149631279,
            48880.26849629802
        ],
        "Dep-Eft-1": [
            6948.105144768088,
            13038.941113810071,
            18071.248701534652,
            24433.325884817412,
            29574.284268321502,
            36612.47842087965,
            40399.54496312798,
            46380.078496298185
        ],
        "Dep-Eft-2": [
            7729.545144768092,
            13482.551113810072,
            19695.788701534657,
            25138.0358848174,
            31026.654268321516,
            37861.06842087963,
            43215.04496312794,
            50130.258496298055
        ],
        "Dep-Eft-3": [
            7740.895144768095,
            13535.411113810074,
            22257.878701534653,
            28459.39588481749,
            34031.014268321574,
            37840.62842087947,
            47989.634963127864,
            55066.96849629814
        ]
    }
}