{
    "total_request_process_time": {
        "FCFS": [
            9557.055144768085,
            17013.831113810076,
            24756.358701534708,
            32781.675884817465,
            46073.28426832152,
            48539.49842087966,
            58187.32496312795,
            65261.008496298105
        ],
        "LRU": [
            8331.765144768087,
            15359.83111381008,
            19422.788701534657,
            26070.35588481741,
            34956.63426832157,
            39696.62842087965,
            52124.71496312786,
            52791.47849629814
        ],
        "Popularity": [
            7711.665144768105,
            13966.411113810085,
            18787.18870153463,
            25047.655884817425,
            32040.284268321542,
            37467.00842087955,
            46973.374963127964,
            49200.588496298216
        ],
        "Priority": [
            7521.995144768085,
            13628.191113810097,
            18882.998701534678,
            24277.705884817427,
            32685.314268321494,
            36412.42842087965,
            43766.2149631279,
            48880.26849629802
        ]
    }
}