{
    "total_request_process_time": {
        "FCFS": [
            9606.165144768087,
            16542.801113810074,
            23661.968701534643,
            30824.98588481747,
            38636.094268321496,
            47795.108420879646,
            53874.94496312801,
            61029.588496298195
        ],
        "LRU": [
            7685.925144768086,
            14800.401113810109,
            18344.238701534665,
            23586.06588481741,
            29767.854268321542,
            40076.728420879605,
            41332.114963127904,
            57093.928496298366
        ],
        "Popularity": [
            7530.885144768086,
            15029.061113810094,
            17838.608701534642,
            22946.48588481744,
            29206.80426832155,
            36421.99842087967,
            41885.17496312798,
            57737.00849629812
        ],
        "Priority": [
            7635.935144768092,
            14441.16111381008,
            17291.84870153466,
            22352.235884817434,
            27039.06426832154,
            36410.22842087958,
            48615.644963128005,
            56355.358496298155
        ]
    }
}