{
    "total_request_process_time": {
        "FCFS": [
            10264.145144768083,
            18869.30111381006,
            26124.89870153467,
            34354.415884817456,
            46616.00426832149,
            56348.12842087956,
            65401.444963127855,
            75345.5984962981
        ],
        "LRU": [
            7729.665144768089,
            14391.23111381009,
            18783.74870153465,
            25464.82588481746,
            31617.344268321587,
            38047.558420879584,
            44234.81496312796,
            51328.668496298174
        ],
        "Popularity": [
            8136.725144768095,
            14248.051113810083,
            19829.42870153464,
            26040.885884817428,
            30895.5242683215,
            39646.69842087966,
            46753.13496312807,
            46884.70849629832
        ],
        "Priority": [
            7635.935144768092,
            14441.16111381008,
            17291.84870153466,
            22352.235884817434,
            27039.06426832154,
            36410.22842087958,
            48615.644963128005,
            56355.358496298155
        ]
    }
}