{
    "total_request_process_time": {
        "FCFS": [
            9551.785144768075,
            16531.58111381009,
            22667.308701534614,
            30728.235884817488,
            37448.48426832163,
            45992.338420879656,
            52381.69496312775,
            60322.94849629815
        ],
        "LRU": [
            8056.915144768084,
            14519.031113810088,
            19387.22870153464,
            24565.70588481748,
            31117.614268321533,
            36173.928420879514,
            40735.044963127955,
            47091.448496298115
        ],
        "Popularity": [
            7021.755144768096,
            13345.711113810088,
            17690.788701534628,
            23569.375884817462,
            30968.444268321495,
            33509.55842087961,
            39685.274963127966,
            44063.01849629809
        ],
        "Priority": [
            7285.375144768091,
            13654.921113810075,
            17398.058701534635,
            21920.215884817437,
            28997.844268321547,
            33705.14842087957,
            38558.46496312795,
            43314.21849629819
        ]
    }
}