{
    "total_request_process_time": {
        "PPO-0": [
            4704.88447680886,
            9135.191380997507,
            13521.090153492969,
            20115.448481940693,
            22675.306832514783,
            26627.542088308208,
            30028.706312969836,
            40830.50962953023
        ],
        "PPO-1": [
            4384.424476808788,
            8610.271380997674,
            12443.160153492869,
            17119.93848194093,
            21603.036832514554,
            25474.562088307925,
            30132.446312969223,
            34245.109629529485
        ],
        "PPO(trained)-1": [
            4431.184476808783,
            8705.86138099753,
            12666.990153492528,
            16804.17848194141,
            21476.846832514784,
            25811.882088307513,
            29429.736312968762,
            33855.11962953003
        ]
    }
}