{
    "total_request_process_time": {
        "PPO-0": [
            8202.305144768097,
            13204.141113810085,
            17686.00870153464,
            22171.055884817466,
            27582.374268321564,
            33767.698420879664,
            39007.9649631279,
            45180.06849629833
        ],
        "PPO-1": [
            17605.79514476811,
            18604.711113810117,
            23626.328701534658,
            30790.165884817485,
            31619.624268321582,
            36030.39842087956,
            49826.69496312796,
            58383.14849629803
        ],
        "PPO(trained)-1": [
            7616.205144768089,
            12443.02111381007,
            18726.76870153469,
            23494.28588481743,
            28948.08426832153,
            34297.02842087962,
            41117.93496312789,
            45102.83849629825
        ]
    }
}