{
    "total_request_process_time": {
        "FCFS": [
            9575.905144768092,
            17071.21111381008,
            26760.998701534638,
            30200.22588481751,
            39053.1542683215,
            46437.26842087952,
            55330.08496312804,
            60145.31849629817
        ],
        "LRU": [
            7466.9051447680895,
            13428.141113810085,
            18728.018701534642,
            23778.725884817468,
            29565.30426832154,
            35691.578420879516,
            41033.21496312798,
            46626.45849629828
        ],
        "Popularity": [
            7427.655144768092,
            14124.611113810097,
            17959.808701534654,
            22781.325884817405,
            29045.744268321578,
            33446.71842087962,
            38885.36496312806,
            44081.3484962983
        ],
        "Priority": [
            7285.375144768091,
            13654.921113810075,
            17398.058701534635,
            21920.215884817437,
            28997.844268321547,
            33705.14842087957,
            38558.46496312795,
            43314.21849629819
        ]
    }
}