{
    "total_request_process_time": {
        "Dep-Eft": [
            11905.755884817492,
            16100.27588481746,
            19845.415884817503,
            24277.705884817427,
            30622.965884817473,
            34538.95588481739
        ],
        "Dep-Wait": [
            31518.405884817465,
            34779.94588481746,
            38125.315884817406,
            41477.735884817506,
            47841.2558848174,
            54152.735884817506
        ],
        "DQN": [
            13271.705884817487,
            16131.225884817499,
            18703.82588481747,
            22352.235884817434,
            28016.555884817462,
            33080.64588481741
        ],
        "PPO": [
            12894.105884817474,
            15465.165884817467,
            18829.545884817464,
            21920.215884817437,
            26794.925884817432,
            32294.88588481752
        ]
    },
    "all_task_execution_time": {
        "Dep-Eft": [
            2848.660000000007,
            5492.219999999996,
            7613.740000000007,
            10048.729999999925,
            12232.279999999995,
            14751.070000000027
        ],
        "Dep-Wait": [
            2618.349999999998,
            5246.739999999967,
            7748.340000000015,
            10461.870000000028,
            12982.400000000021,
            15613.560000000049
        ],
        "DQN": [
            2926.449999999998,
            5916.76000000001,
            8341.56000000003,
            11084.890000000052,
            13072.670000000013,
            15620.329999999913
        ],
        "PPO": [
            2784.120000000008,
            5639.340000000012,
            8051.0800000000145,
            10489.25999999993,
            13115.089999999951,
            15632.53999999994
        ]
    },
    "total_download_time": {
        "Dep-Eft": [
            12170.498430783195,
            10208.252274409244,
            10358.032883582046,
            10365.767587349821,
            10365.218879506945,
            12190.335461367473
        ],
        "Dep-Wait": [
            12516.60793707132,
            12496.612759245741,
            12500.95870605546,
            12529.525086695598,
            12463.16781094561,
            12540.225507554616
        ],
        "DQN": [
            10231.284610303754,
            10303.552916738576,
            12298.151351284127,
            12304.106620303422,
            12282.722247496087,
            12388.603228668713
        ],
        "PPO": [
            11945.6623204314,
            10689.832622854065,
            12307.921259912891,
            12300.231111413304,
            12375.736700747904,
            12387.411432376724
        ]
    },
    "total_request_waiting_time": {
        "Dep-Eft": [
            9057.095884817449,
            10608.055884817442,
            12231.675884817401,
            14228.975884817497,
            18390.68588481752,
            19787.885884817522
        ],
        "Dep-Wait": [
            28900.05588481741,
            29533.20588481741,
            30376.97588481734,
            31015.865884817278,
            34858.85588481745,
            38539.17588481744
        ],
        "DQN": [
            10345.25588481749,
            10214.465884817448,
            10362.265884817458,
            11267.345884817476,
            14943.885884817482,
            17460.315884817428
        ],
        "PPO": [
            10109.985884817506,
            9825.825884817436,
            10778.465884817493,
            11430.9558848175,
            13679.83588481753,
            16662.345884817485
        ]
    },
    "total_download_size": {
        "Dep-Eft": [
            7812.317585898736,
            8607.03420941949,
            8601.936699686368,
            9051.995133100581,
            9701.922659935102,
            9609.421662159739
        ],
        "Dep-Wait": [
            10677.37728708337,
            10841.123885677658,
            10870.93711088706,
            10920.833396600943,
            10824.439350738036,
            10888.174848167113
        ],
        "DQN": [
            7015.882857173317,
            6857.143022033935,
            7101.9551037338115,
            6793.282697834533,
            7399.232023206241,
            7555.817000727294
        ],
        "PPO": [
            6746.161563509027,
            6317.53433793699,
            6930.319930879695,
            6403.309914987416,
            6926.752543884011,
            7210.324720646804
        ]
    },
    "total_request_wait_for_image": {
        "Dep-Eft": [
            6721.376908951367,
            7874.207791275352,
            8260.492733952857,
            8994.784062220677,
            10588.201059510167,
            9875.450803838377
        ],
        "Dep-Wait": [
            8393.348438209894,
            8809.927584555358,
            8540.080815787556,
            8396.164763052937,
            8244.047331069996,
            8394.037519080319
        ],
        "DQN": [
            8176.174497706599,
            7549.2349563697535,
            6608.796210460654,
            6254.318181333165,
            6846.855231420153,
            6840.018464587263
        ],
        "PPO": [
            5883.047329936831,
            5481.0857748107155,
            5979.198926149178,
            5262.466233588717,
            6167.302287194723,
            6317.68645814409
        ]
    },
    "total_request_wait_for_data": {
        "Dep-Eft": [
            3408.48500915788,
            3668.0861503163073,
            4290.715476380974,
            4830.906966060227,
            5840.985658506566,
            6250.44765645611
        ],
        "Dep-Wait": [
            23584.415298558342,
            23911.133900110653,
            24632.168233030883,
            24162.335412767883,
            24328.76316378482,
            24186.18309364484
        ],
        "DQN": [
            3140.4029618333866,
            3281.211271518755,
            4136.092615526026,
            4257.719692354354,
            5067.2319000267125,
            5684.233349837956
        ],
        "PPO": [
            5333.64707846728,
            5156.085727275419,
            5355.488871876309,
            5483.21883715084,
            5752.912658115392,
            5756.462062596547
        ]
    },
    "total_request_wait_for_comp": {
        "Dep-Eft": [
            81.2900000000025,
            348.6200000000057,
            1089.1900000000076,
            2012.6700000000014,
            3738.52,
            5471.430000000022
        ],
        "Dep-Wait": [
            15.37000000000021,
            153.98999999999802,
            470.72000000000605,
            1675.5800000000015,
            5403.890000000016,
            9151.879999999992
        ],
        "DQN": [
            128.02000000000157,
            477.11000000000513,
            798.2800000000055,
            1957.20000000001,
            4259.7800000000025,
            6242.539999999928
        ],
        "PPO": [
            26.760000000001725,
            275.4200000000041,
            754.0100000000066,
            1908.52000000002,
            3207.5899999999965,
            6044.259999999982
        ]
    }
}