{
    "total_request_process_time": {
        "Dep-Eft": [
            21234.845884817438,
            24405.995884817457,
            24277.705884817427,
            25824.09588481742,
            26687.7458848175
        ],
        "Dep-Wait": [
            41609.355884817516,
            41807.42588481745,
            41477.735884817506,
            41518.37588481745,
            41067.955884817486
        ],
        "DQN": [
            21765.18588481745,
            23006.725884817497,
            22352.235884817434,
            23475.625884817473,
            24458.925884817487
        ],
        "PPO": [
            22661.53588481746,
            23109.245884817454,
            21920.215884817437,
            22932.60588481749,
            22844.245884817483
        ]
    },
    "all_task_execution_time": {
        "Dep-Eft": [
            9457.440000000019,
            9971.860000000019,
            10048.729999999925,
            9397.309999999989,
            9415.189999999953
        ],
        "Dep-Wait": [
            10070.900000000005,
            10492.570000000007,
            10461.870000000028,
            10257.319999999989,
            10421.67000000005
        ],
        "DQN": [
            9655.530000000033,
            11198.649999999994,
            11084.890000000052,
            10713.470000000023,
            11336.900000000005
        ],
        "PPO": [
            10473.650000000005,
            10605.990000000049,
            10489.25999999993,
            10005.619999999966,
            10522.129999999945
        ]
    },
    "total_download_time": {
        "Dep-Eft": [
            8184.735288188776,
            10001.687866467671,
            10365.767587349821,
            10144.366177121625,
            8279.491601495338
        ],
        "Dep-Wait": [
            12505.216427916026,
            12547.110968182962,
            12529.525086695598,
            12488.161806544334,
            12490.581547924903
        ],
        "DQN": [
            6255.314513275148,
            8357.857036343712,
            12304.106620303422,
            10119.699432246025,
            10444.735083993804
        ],
        "PPO": [
            9849.455573198695,
            12250.227703310795,
            12300.231111413304,
            12245.105704544563,
            12362.93873345772
        ]
    },
    "total_request_waiting_time": {
        "Dep-Eft": [
            11777.405884817508,
            14434.135884817448,
            14228.975884817497,
            16426.785884817502,
            17272.555884817353
        ],
        "Dep-Wait": [
            31538.45588481736,
            31314.855884817294,
            31015.865884817278,
            31261.055884817233,
            30646.285884817284
        ],
        "DQN": [
            12109.655884817448,
            11808.075884817472,
            11267.345884817476,
            12762.155884817465,
            13122.02588481745
        ],
        "PPO": [
            12187.88588481756,
            12503.255884817474,
            11430.9558848175,
            12926.985884817497,
            12322.115884817485
        ]
    },
    "total_download_size": {
        "Dep-Eft": [
            6324.605591916995,
            8433.64157381732,
            9051.995133100581,
            9432.274297861512,
            9584.647316780582
        ],
        "Dep-Wait": [
            8035.2804196128845,
            10378.992039520437,
            10920.833396600943,
            10976.754777619015,
            11166.956354030433
        ],
        "DQN": [
            4621.787048880044,
            6748.727620621756,
            6793.282697834533,
            8080.0005944739505,
            8348.215339380025
        ],
        "PPO": [
            2919.3991273391894,
            5093.192967010503,
            6403.309914987416,
            7067.336011358506,
            7091.260588916115
        ]
    },
    "total_request_wait_for_image": {
        "Dep-Eft": [
            5425.605568133291,
            8098.808346869268,
            8994.784062220677,
            10277.406847818775,
            10916.780781774445
        ],
        "Dep-Wait": [
            6357.192843152388,
            8171.563078524749,
            8396.164763052937,
            8582.149309056054,
            9012.591042748989
        ],
        "DQN": [
            4056.1086816634197,
            7077.426492290728,
            6254.318181333165,
            8413.59102822648,
            9257.64551709666
        ],
        "PPO": [
            2525.7532820288106,
            4194.073345301495,
            5262.466233588717,
            6387.801905703284,
            6249.076676055207
        ]
    },
    "total_request_wait_for_data": {
        "Dep-Eft": [
            3463.8665674615536,
            4989.555280656032,
            4830.906966060227,
            5048.803402313655,
            5509.9875086674865
        ],
        "Dep-Wait": [
            26068.16082021679,
            24924.087068613426,
            24162.335412767883,
            24454.684350186908,
            23617.854750235325
        ],
        "DQN": [
            2917.7827251884933,
            3157.2151163870058,
            4257.719692354354,
            3095.379201303148,
            3353.5950377893937
        ],
        "PPO": [
            4365.979423466253,
            6689.472858551647,
            5483.21883715084,
            5608.345910333153,
            5572.412574514466
        ]
    },
    "total_request_wait_for_comp": {
        "Dep-Eft": [
            3958.03000000001,
            2722.060000000004,
            2012.6700000000014,
            2644.5499999999915,
            2573.590000000002
        ],
        "Dep-Wait": [
            1391.0299999999993,
            1369.7700000000057,
            1675.5800000000015,
            1627.4200000000062,
            1432.2700000000043
        ],
        "DQN": [
            5882.869999999966,
            2783.4100000000103,
            1957.20000000001,
            2542.4800000000137,
            2027.8500000000142
        ],
        "PPO": [
            5752.090000000007,
            2613.7200000000016,
            1908.52000000002,
            2309.35000000002,
            1988.5899999999933
        ]
    }
}