{
    "dep-eft": [
        14572.225884817473,
        20008.275884817445,
        23256.12588481748,
        29960.88588481748,
        56575.48588481749,
        771985.7858848167
    ],
    "dep-wait": [
        31513.135884817493,
        33753.73588481755,
        37720.75588481748,
        41322.085884817454,
        46329.425884817516,
        72312.47588481744
    ],
    "dqn": [
        13766.92588481749,
        16010.53588481746,
        19828.105884817483,
        25968.61588481746,
        31648.28588481745,
        516320.4458848175
    ],
    "ppo": [
        14537.345884817474,
        16933.70588481748,
        20609.085884817483,
        24016.755884817532,
        28485.165884817427,
        37505.53588481745
    ]
}