{
    "total_request_process_time": {
        "Dep-Eft": [
            15674.615884817485,
            24277.705884817427,
            26234.29588481752,
            27730.80588481742,
            28758.13588481751
        ],
        "Dep-Wait": [
            23657.405884817497,
            41477.735884817506,
            64575.36588481744,
            86971.06588481757,
            112140.4758848174
        ],
        "DQN": [
            17807.475884817482,
            22352.235884817434,
            26519.355884817454,
            35802.39588481739,
            51013.62588481757
        ],
        "PPO": [
            18353.145884817444,
            21920.215884817437,
            26229.33588481751,
            29405.395884817495,
            32452.535884817476
        ]
    },
    "all_task_execution_time": {
        "Dep-Eft": [
            8011.5100000000075,
            10048.729999999925,
            10750.3,
            11052.850000000004,
            10839.189999999959
        ],
        "Dep-Wait": [
            10442.489999999932,
            10461.870000000028,
            10474.179999999957,
            10584.929999999935,
            10448.279999999942
        ],
        "DQN": [
            9337.319999999934,
            11084.890000000052,
            11461.129999999965,
            10396.21999999994,
            9720.720000000008
        ],
        "PPO": [
            9994.359999999948,
            10489.25999999993,
            10712.49999999996,
            10842.869999999915,
            10545.099999999948
        ]
    },
    "total_download_time": {
        "Dep-Eft": [
            9275.932104996638,
            10365.767587349821,
            10789.926039689097,
            10376.842867175552,
            10334.994803968573
        ],
        "Dep-Wait": [
            12436.185900683067,
            12529.525086695598,
            12582.245085990671,
            12714.078231259558,
            12747.847982529143
        ],
        "DQN": [
            10308.571306780184,
            12304.106620303422,
            10287.617205346854,
            12363.81411233912,
            12357.203961794414
        ],
        "PPO": [
            12292.521250397509,
            12300.231111413304,
            12326.954112587573,
            12361.418417097075,
            10947.880299399218
        ]
    },
    "total_request_waiting_time": {
        "Dep-Eft": [
            7663.105884817516,
            14228.975884817497,
            15483.995884817385,
            16677.955884817493,
            17918.94588481743
        ],
        "Dep-Wait": [
            13214.915884817365,
            31015.865884817278,
            54101.18588481744,
            76386.13588481784,
            101692.1958848177
        ],
        "DQN": [
            8470.155884817495,
            11267.345884817476,
            15058.225884817366,
            25406.175884817494,
            41292.90588481734
        ],
        "PPO": [
            8358.785884817455,
            11430.9558848175,
            15516.835884817367,
            18562.52588481741,
            21907.43588481727
        ]
    },
    "total_download_size": {
        "Dep-Eft": [
            4927.13640898379,
            9051.995133100581,
            9383.507989221569,
            9787.737949422386,
            9638.377833359795
        ],
        "Dep-Wait": [
            10766.88583655396,
            10920.833396600943,
            10875.66426483335,
            10901.759072240682,
            10824.19375467852
        ],
        "DQN": [
            5703.462708594334,
            6793.282697834533,
            7946.74062825204,
            8258.732301530692,
            8250.907324203392
        ],
        "PPO": [
            6057.823999273549,
            6403.309914987416,
            7175.893954821744,
            7918.609412069238,
            7877.1783388511885
        ]
    },
    "total_request_wait_for_image": {
        "Dep-Eft": [
            3739.725363156333,
            8994.784062220677,
            9796.02451314131,
            10344.6327979175,
            10423.489270930453
        ],
        "Dep-Wait": [
            8659.2108035177,
            8396.164763052937,
            8461.53215139186,
            8219.408440303232,
            8154.9056227387755
        ],
        "DQN": [
            4271.548641401643,
            6254.318181333165,
            9066.408726451411,
            8341.366164026997,
            7829.83324489263
        ],
        "PPO": [
            5106.778776557372,
            5262.466233588717,
            6396.884045079718,
            7310.298113355822,
            7523.9186934315
        ]
    },
    "total_request_wait_for_data": {
        "Dep-Eft": [
            4558.934348538009,
            4830.906966060227,
            6209.071200391807,
            8145.5797285387625,
            9900.738472373225
        ],
        "Dep-Wait": [
            4922.9297722876545,
            24162.335412767883,
            48354.4517521262,
            71242.35586425278,
            97110.99526508566
        ],
        "DQN": [
            2800.080993399522,
            4257.719692354354,
            6609.378852113126,
            18265.12927322812,
            34913.17704445121
        ],
        "PPO": [
            1661.6040988389796,
            5483.21883715084,
            9160.417346543698,
            12358.872140486963,
            15632.560956695086
        ]
    },
    "total_request_wait_for_comp": {
        "Dep-Eft": [
            535.9900000000001,
            2012.6700000000014,
            2224.719999999996,
            1931.6499999999949,
            1982.2199999999987
        ],
        "Dep-Wait": [
            1251.2999999999997,
            1675.5800000000015,
            1465.7200000000023,
            1593.770000000003,
            1509.4000000000035
        ],
        "DQN": [
            1954.2499999999832,
            1957.20000000001,
            1873.1500000000028,
            1739.4600000000023,
            1304.9700000000016
        ],
        "PPO": [
            1939.1500000000074,
            1908.52000000002,
            2153.399999999997,
            2114.9800000000178,
            2554.6100000000133
        ]
    }
}