{
    "total_request_process_time": {
        "Dep-Eft": [
            13152.925884817456,
            17839.82588481746,
            24277.705884817427,
            27246.165884817456,
            35271.025884817456
        ],
        "Dep-Wait": [
            30239.3358848175,
            35067.685884817525,
            41477.735884817506,
            58720.86588481733,
            313990.76588481775
        ],
        "DQN": [
            34124.985884817914,
            18398.40588481749,
            22352.235884817434,
            27928.755884817452,
            35059.27588481747
        ],
        "PPO": [
            17074.555884817462,
            17923.725884817533,
            21920.215884817437,
            29492.71588481747,
            185155.56588481725
        ]
    },
    "all_task_execution_time": {
        "Dep-Eft": [
            9295.87999999999,
            9610.579999999962,
            10048.729999999925,
            10687.63999999997,
            10484.049999999968
        ],
        "Dep-Wait": [
            11491.909999999938,
            11042.370000000006,
            10461.870000000028,
            9910.909999999976,
            9644.439999999982
        ],
        "DQN": [
            9054.439999999999,
            9438.40999999999,
            11084.890000000052,
            10665.529999999962,
            10231.039999999986
        ],
        "PPO": [
            9155.659999999982,
            10030.329999999976,
            10489.25999999993,
            10153.519999999957,
            9534.029999999995
        ]
    },
    "total_download_time": {
        "Dep-Eft": [
            8520.680504427095,
            6228.85802371488,
            10365.767587349821,
            12380.228714252285,
            12402.743684836525
        ],
        "Dep-Wait": [
            12422.200427995263,
            12508.139132820479,
            12529.525086695598,
            12521.1729419808,
            13280.365306174725
        ],
        "DQN": [
            6226.417608965698,
            6211.879370036955,
            12304.106620303422,
            12227.648945656176,
            12222.011231355318
        ],
        "PPO": [
            10363.10624375429,
            12247.81128146821,
            12300.231111413304,
            12311.068376140134,
            13087.887146992205
        ]
    },
    "total_request_waiting_time": {
        "Dep-Eft": [
            3857.0458848174585,
            8229.245884817443,
            14228.975884817497,
            16558.525884817536,
            24786.975884817402
        ],
        "Dep-Wait": [
            18747.425884817498,
            24025.31588481742,
            31015.865884817278,
            48809.955884817486,
            304346.3258848196
        ],
        "DQN": [
            25070.54588481786,
            8959.995884817467,
            11267.345884817476,
            17263.225884817446,
            24828.235884817466
        ],
        "PPO": [
            7918.895884817482,
            7893.395884817482,
            11430.9558848175,
            19339.19588481751,
            175621.53588481783
        ]
    },
    "total_download_size": {
        "Dep-Eft": [
            13833.19903334332,
            11141.568829967713,
            9051.995133100581,
            6354.971149914852,
            6011.234391289763
        ],
        "Dep-Wait": [
            12255.458345142712,
            11376.55069352296,
            10920.833396600943,
            10105.171388910083,
            9985.87918407965
        ],
        "DQN": [
            13295.921833482967,
            10073.78084180059,
            6793.282697834533,
            5214.774815233138,
            4782.673740536295
        ],
        "PPO": [
            13476.581759461471,
            8990.212011931075,
            6403.309914987416,
            5127.466547088676,
            8435.06050901373
        ]
    },
    "total_request_wait_for_image": {
        "Dep-Eft": [
            1182.9258745725533,
            4381.284377867878,
            8994.784062220677,
            9753.48839925098,
            16084.665805788753
        ],
        "Dep-Wait": [
            944.274209609812,
            4191.783015168847,
            8396.164763052937,
            26192.471090318355,
            287807.2922769489
        ],
        "DQN": [
            1370.4129210981494,
            4650.399967340229,
            6254.318181333165,
            8232.582056620062,
            13596.855272490346
        ],
        "PPO": [
            1180.4552293949564,
            3507.561571715053,
            5262.466233588717,
            10535.117686293124,
            159581.26476605414
        ]
    },
    "total_request_wait_for_data": {
        "Dep-Eft": [
            1990.9791161698447,
            2811.075867917827,
            4830.906966060227,
            6637.544310555677,
            9710.43416980708
        ],
        "Dep-Wait": [
            16951.301687895586,
            20401.238513791275,
            24162.335412767883,
            27471.091976142357,
            29171.74327302625
        ],
        "DQN": [
            2443.310094632908,
            2875.278902034533,
            4257.719692354354,
            8469.053539070728,
            11317.19636091144
        ],
        "PPO": [
            3072.248871979791,
            3499.1500612837976,
            5483.21883715084,
            9502.581404087945,
            24499.101927738186
        ]
    },
    "total_request_wait_for_comp": {
        "Dep-Eft": [
            1130.5000000000116,
            2385.8899999999626,
            2012.6700000000014,
            1829.8100000000018,
            1629.869999999998
        ],
        "Dep-Wait": [
            1532.7500000000007,
            1361.879999999994,
            1675.5800000000015,
            1673.0499999999884,
            1615.140000000007
        ],
        "DQN": [
            21794.91000000543,
            2752.7100000000023,
            1957.20000000001,
            1969.1199999999947,
            2069.789999999998
        ],
        "PPO": [
            4181.430000000046,
            2064.890000000014,
            1908.52000000002,
            1400.7400000000014,
            828.6399999999967
        ]
    }
}