{
    "total_request_process_time": {
        "Dep-Eft": [
            23122.875884817524,
            23928.605884817454,
            24277.705884817427,
            27317.03588481748,
            25461.49588481744
        ],
        "Dep-Wait": [
            40556.8358848174,
            41973.62588481752,
            41477.735884817506,
            42216.78588481742,
            42745.205884817515
        ],
        "DQN": [
            21606.20588481747,
            22687.83588481745,
            22352.235884817434,
            23715.035884817487,
            23161.855884817443
        ],
        "PPO": [
            22544.855884817516,
            22694.55588481749,
            21920.215884817437,
            23472.65588481743,
            23145.95588481743
        ]
    },
    "all_task_execution_time": {
        "Dep-Eft": [
            10417.380000000034,
            10528.69999999996,
            10048.729999999925,
            10426.340000000022,
            10386.240000000053
        ],
        "Dep-Wait": [
            10746.000000000038,
            10503.620000000004,
            10461.870000000028,
            10534.569999999978,
            10199.890000000036
        ],
        "DQN": [
            10946.449999999995,
            10897.409999999982,
            11084.890000000052,
            11901.810000000025,
            11105.440000000071
        ],
        "PPO": [
            10819.659999999998,
            10812.830000000004,
            10489.25999999993,
            10867.399999999972,
            10851.680000000013
        ]
    },
    "total_download_time": {
        "Dep-Eft": [
            10129.614945822057,
            12120.129836656251,
            10365.767587349821,
            10328.553368338871,
            10319.394272815807
        ],
        "Dep-Wait": [
            12493.24324909971,
            12479.68618212159,
            12529.525086695598,
            12498.129359736791,
            12528.417179306876
        ],
        "DQN": [
            9242.978017983596,
            12406.484534962197,
            12304.106620303422,
            10444.70625097295,
            12439.144256107687
        ],
        "PPO": [
            12378.499244343762,
            12295.991498270441,
            12300.231111413304,
            12343.822625192208,
            12362.507376833204
        ]
    },
    "total_request_waiting_time": {
        "Dep-Eft": [
            12705.495884817472,
            13399.905884817423,
            14228.975884817497,
            16890.695884817447,
            15075.255884817452
        ],
        "Dep-Wait": [
            29810.835884817458,
            31470.00588481728,
            31015.865884817278,
            31682.21588481734,
            32545.31588481729
        ],
        "DQN": [
            10659.755884817434,
            11790.425884817472,
            11267.345884817476,
            11813.225884817391,
            12056.415884817492
        ],
        "PPO": [
            11725.19588481745,
            11881.725884817435,
            11430.9558848175,
            12605.255884817438,
            12294.27588481739
        ]
    },
    "total_download_size": {
        "Dep-Eft": [
            8080.684318603485,
            8744.048335235202,
            9051.995133100581,
            10057.647174108411,
            9573.600680253716
        ],
        "Dep-Wait": [
            8809.943589578226,
            10752.741062774317,
            10920.833396600943,
            11559.730827175428,
            11913.367476988922
        ],
        "DQN": [
            5892.088592365344,
            7453.093124614973,
            6793.282697834533,
            7538.505744036736,
            7753.099078193116
        ],
        "PPO": [
            5948.3406257797415,
            6796.679689202966,
            6403.309914987416,
            7594.851146752529,
            7038.895980796962
        ]
    },
    "total_request_wait_for_image": {
        "Dep-Eft": [
            7538.544288626448,
            8569.056236497165,
            8994.784062220677,
            10518.655476396598,
            9509.686609632183
        ],
        "Dep-Wait": [
            6953.578214777812,
            8711.515559265372,
            8396.164763052937,
            9309.184215741589,
            10040.615859134195
        ],
        "DQN": [
            5689.958211346731,
            6791.280705520061,
            6254.318181333165,
            7361.474584054275,
            6854.535460062098
        ],
        "PPO": [
            5151.422141218329,
            6049.820943032608,
            5262.466233588717,
            6592.042595117122,
            5917.209575640174
        ]
    },
    "total_request_wait_for_data": {
        "Dep-Eft": [
            3875.9191628313415,
            4102.975411800779,
            4830.906966060227,
            5742.450344508798,
            4682.2613104255315
        ],
        "Dep-Wait": [
            24131.6865210062,
            24142.737381383577,
            24162.335412767883,
            24316.89405268092,
            24709.640682142883
        ],
        "DQN": [
            3046.4330818135577,
            4338.59186340406,
            4257.719692354354,
            3764.472151889954,
            4444.618877033604
        ],
        "PPO": [
            3916.6230755917636,
            4731.190947858289,
            5483.21883715084,
            5342.246675741322,
            5493.576813362137
        ]
    },
    "total_request_wait_for_comp": {
        "Dep-Eft": [
            2798.4299999999967,
            2201.0499999999865,
            2012.6700000000014,
            2398.3699999999926,
            2460.5899999999933
        ],
        "Dep-Wait": [
            1359.329999999998,
            1754.4099999999958,
            1675.5800000000015,
            1647.6500000000099,
            1568.479999999995
        ],
        "DQN": [
            3031.0000000000077,
            1966.690000000002,
            1957.20000000001,
            1964.9600000000066,
            2063.639999999995
        ],
        "PPO": [
            3919.270000000011,
            2444.9100000000026,
            1908.52000000002,
            2119.249999999996,
            2190.3800000000056
        ]
    }
}