{
    "total_request_process_time": {
        "Dep-Eft": [
            13399.715884817466,
            20324.30588481747,
            24277.705884817427,
            25792.455884817486,
            26234.29588481752
        ],
        "Dep-Wait": [
            21852.275884817478,
            30581.29588481748,
            41477.735884817506,
            53444.65588481747,
            64575.36588481744
        ],
        "DQN": [
            53277.83588481741,
            26402.015884817476,
            22352.235884817434,
            25528.785884817444,
            27092.375884817462
        ],
        "PPO": [
            25046.295884817453,
            28843.75588481746,
            21920.215884817437,
            24165.885884817435,
            26841.795884817468
        ]
    },
    "all_task_execution_time": {
        "Dep-Eft": [
            7374.600000000004,
            9034.310000000027,
            10048.729999999925,
            10377.829999999958,
            10750.3
        ],
        "Dep-Wait": [
            10419.340000000007,
            10485.039999999948,
            10461.870000000028,
            10443.25999999995,
            10474.179999999957
        ],
        "DQN": [
            7018.409999999977,
            8223.079999999958,
            11084.890000000052,
            11687.409999999938,
            11202.94000000006
        ],
        "PPO": [
            7445.809999999992,
            7823.079999999969,
            10489.25999999993,
            10618.850000000031,
            10258.449999999948
        ]
    },
    "total_download_time": {
        "Dep-Eft": [
            8345.613583634567,
            8337.979648845067,
            10365.767587349821,
            12158.396431263984,
            10789.926039689097
        ],
        "Dep-Wait": [
            12429.779366171671,
            12450.67475815528,
            12529.525086695598,
            12538.309303476855,
            12582.245085990671
        ],
        "DQN": [
            7917.145682765199,
            10287.305225365408,
            12304.106620303422,
            10249.871528711563,
            12356.752017698256
        ],
        "PPO": [
            11781.34573806138,
            10110.64154113024,
            12300.231111413304,
            10627.206200029808,
            10673.646077116482
        ]
    },
    "total_request_waiting_time": {
        "Dep-Eft": [
            6025.115884817413,
            11289.995884817494,
            14228.975884817497,
            15414.625884817488,
            15483.995884817385
        ],
        "Dep-Wait": [
            11432.9358848175,
            20096.255884817365,
            31015.865884817278,
            43001.39588481773,
            54101.18588481744
        ],
        "DQN": [
            46259.42588481729,
            18178.935884817423,
            11267.345884817476,
            13841.375884817446,
            15889.435884817434
        ],
        "PPO": [
            17600.485884817484,
            21020.675884817585,
            11430.9558848175,
            13547.035884817458,
            16583.345884817452
        ]
    },
    "total_download_size": {
        "Dep-Eft": [
            4281.501236091926,
            7649.509006092736,
            9051.995133100581,
            9323.216375959555,
            9383.507989221569
        ],
        "Dep-Wait": [
            10833.999457387526,
            10713.618074399008,
            10920.833396600943,
            10830.345171810988,
            10875.66426483335
        ],
        "DQN": [
            5406.468189651409,
            5865.791653500198,
            6793.282697834533,
            7694.016466275487,
            7904.8811732597605
        ],
        "PPO": [
            5431.710801417825,
            6567.367061759,
            6403.309914987416,
            7635.6614223389615,
            8399.545185757992
        ]
    },
    "total_request_wait_for_image": {
        "Dep-Eft": [
            3271.8638338443648,
            5957.421543582472,
            8994.784062220677,
            10078.171838986038,
            9796.02451314131
        ],
        "Dep-Wait": [
            8620.313294487629,
            8855.635430180093,
            8396.164763052937,
            8383.25004346914,
            8461.53215139186
        ],
        "DQN": [
            41150.49817725204,
            8180.705288966224,
            6254.318181333165,
            8923.45591010433,
            8648.774803684903
        ],
        "PPO": [
            14869.472710729857,
            11551.804724911552,
            5262.466233588717,
            6955.504859186356,
            9165.503606307546
        ]
    },
    "total_request_wait_for_data": {
        "Dep-Eft": [
            2939.320741816017,
            4845.736029126704,
            4830.906966060227,
            5226.829307709057,
            6209.071200391807
        ],
        "Dep-Wait": [
            2456.7982164806585,
            11917.44119901678,
            24162.335412767883,
            36451.48726928604,
            48354.4517521262
        ],
        "DQN": [
            2917.802994784945,
            10739.262767353817,
            4257.719692354354,
            5026.2750492352225,
            8150.728639494506
        ],
        "PPO": [
            2471.6610404545568,
            11063.337173166767,
            5483.21883715084,
            6239.824574629489,
            7389.672351397921
        ]
    },
    "total_request_wait_for_comp": {
        "Dep-Eft": [
            478.6400000000018,
            1598.6500000000028,
            2012.6700000000014,
            2278.9000000000024,
            2224.719999999996
        ],
        "Dep-Wait": [
            1316.6499999999974,
            1848.3100000000086,
            1675.5800000000015,
            1808.3699999999951,
            1465.7200000000023
        ],
        "DQN": [
            2831.2299999999886,
            859.3800000000074,
            1957.20000000001,
            1856.520000000003,
            1645.9700000000014
        ],
        "PPO": [
            917.1599999999983,
            614.4800000000006,
            1908.52000000002,
            2341.369999999998,
            2907.8199999999956
        ]
    }
}